<?xml version="1.0" encoding="UTF-8"?>
<manifest identifier="p5-scorm-quiz-manifest" version="1.2"
          xmlns="http://www.imsproject.org/xsd/imscp_rootv1p1p2"
          xmlns:adlcp="http://www.adlnet.org/xsd/adlcp_rootv1p2"
          xmlns:xsi="http://www.w3.org/2001/XMLSchema-instance"
          xsi:schemaLocation="http://www.imsproject.org/xsd/imscp_rootv1p1p2 imscp_rootv1p1p2.xsd http://www.imsglobal.org/xsd/imsmd_rootv1p2p1 imsmd_rootv1p2p1.xsd http://www.adlnet.org/xsd/adlcp_rootv1p2 adlcp_rootv1p2.xsd">

  <metadata>
    <schema>ADL SCORM</schema>
    <schemaversion>1.2</schemaversion>
  </metadata>

  <organizations default="p5-scorm-quiz-org">
    <organization identifier="p5-scorm-quiz-org">
      <title>p5.js SCORM 測驗</title>
      <item identifier="item_1" identifierref="resource_1">
        <title>測驗</title>
      </item>
    </organization>
  </organizations>

  <resources>
    <resource identifier="resource_1" type="webcontent" adlcp:scormtype="sco" href="index.html">
      <file href="index.html"/>
      <file href="sketch.js"/>
      <file href="scorm_api_wrapper.js"/>
      <file href="libraries/p5.min.js"/>
      <file href="libraries/p5.sound.min.js"/>
      <file href="questions.csv"/>
    </resource>
  </resources>
</manifest>

